{
  "IcoMoonType": "selection",
  "icons": [
    {
      "icon": {
        "paths": [
          "M540.467 186.573c-60.006 4.301-85.811 21.709-97.485 65.946-2.662 10.65-3.482 28.672-4.096 111.002l-0.819 98.304-86.426 178.176c-83.149 171.622-86.221 178.586-86.426 190.054 0 11.264 0.41 12.493 7.373 18.842 11.059 10.035 24.166 12.288 69.427 12.083 40.96 0 54.886-2.253 74.752-12.083 21.299-10.24 24.166-14.131 126.566-167.936 103.219-155.238 115.302-174.49 129.434-208.282 20.275-47.923 27.648-85.811 29.082-151.347 1.638-64.512-2.867-86.835-21.709-106.906-16.589-17.818-36.864-24.986-79.667-28.058-28.672-2.048-29.082-2.048-60.006 0.205z"
        ],
        "attrs": [
          {}
        ],
        "isMulticolor": false,
        "isMulticolor2": false,
        "grid": 0,
        "tags": [
          "comma"
        ]
      },
      "attrs": [
        {}
      ],
      "properties": {
        "order": 2,
        "id": 0,
        "name": "comma",
        "prevSize": 32
      },
      "setIdx": 0,
      "setId": 2,
      "iconIdx": 0
    }
  ],
  "height": 1024,
  "preferences": {
    "showGlyphs": true,
    "showQuickUse": true,
    "showQuickUse2": true,
    "showSVGs": true,
    "fontPref": {
      "prefix": "icon-",
      "metadata": {
        "fontFamily": "icomoon"
      },
      "metrics": {
        "emSize": 1024,
        "baseline": 6.25,
        "whitespace": 50
      },
      "embed": false
    },
    "imagePref": {
      "prefix": "icon-",
      "png": true,
      "useClassSelector": true,
      "color": 0,
      "bgColor": 16777215,
      "classSelector": ".icon",
      "name": "icomoon"
    },
    "historySize": 50,
    "showCodes": true,
    "gridSize": 16
  }
}